<?xml version='1.0' encoding='UTF-8' standalone='no'?>
<sbml xmlns="http://www.sbml.org/sbml/level3/version2/core" comp:required="true" layout:required="false" level="3" version="2" xmlns:comp="http://www.sbml.org/sbml/level3/version1/comp/version1" xmlns:layout="http://www.sbml.org/sbml/level3/version1/layout/version1">
  <model id="LacI_Inverter" metaid="iBioSim6">
    <comp:listOfPorts xmlns:comp="http://www.sbml.org/sbml/level3/version1/comp/version1">
      <comp:port comp:id="compartment__Cell" comp:idRef="Cell" sboTerm="SBO:0000601"/>
      <comp:port comp:id="input__LacI" comp:idRef="LacI" sboTerm="SBO:0000600"/>
      <comp:port comp:id="output__TetR" comp:idRef="TetR" sboTerm="SBO:0000601"/>
      <comp:port comp:id="output__GFP" comp:idRef="GFP" sboTerm="SBO:0000601"/>
      <comp:port comp:id="Degradation_LacI" comp:idRef="Degradation_LacI" sboTerm="SBO:0000601"/>
      <comp:port comp:id="Degradation_GFP" comp:idRef="Degradation_GFP" sboTerm="SBO:0000601"/>
      <comp:port comp:id="Degradation_TetR" comp:idRef="Degradation_TetR" sboTerm="SBO:0000601"/>
    </comp:listOfPorts>
    <layout:listOfLayouts xmlns:layout="http://www.sbml.org/sbml/level3/version1/layout/version1" xmlns:xsi="http://www.w3.org/2001/XMLSchema-instance">
      <layout:layout layout:id="iBioSim">
        <layout:dimensions layout:depth="0" layout:height="425" layout:width="1070"/>
        <layout:listOfCompartmentGlyphs>
          <layout:compartmentGlyph layout:compartment="Cell" layout:id="Glyph__Cell">
            <layout:boundingBox>
              <layout:position layout:x="0" layout:y="0"/>
              <layout:dimensions layout:height="425" layout:width="1070"/>
            </layout:boundingBox>
          </layout:compartmentGlyph>
        </layout:listOfCompartmentGlyphs>
        <layout:listOfSpeciesGlyphs>
          <layout:speciesGlyph layout:id="Glyph__LacI" layout:species="LacI">
            <layout:boundingBox>
              <layout:position layout:x="102" layout:y="105"/>
              <layout:dimensions layout:height="40" layout:width="40"/>
            </layout:boundingBox>
          </layout:speciesGlyph>
          <layout:speciesGlyph layout:id="Glyph__GFP" layout:species="GFP">
            <layout:boundingBox>
              <layout:position layout:x="445" layout:y="214"/>
              <layout:dimensions layout:height="40" layout:width="40"/>
            </layout:boundingBox>
          </layout:speciesGlyph>
          <layout:speciesGlyph layout:id="Glyph__TetR" layout:species="TetR">
            <layout:boundingBox>
              <layout:position layout:x="454" layout:y="107"/>
              <layout:dimensions layout:height="40" layout:width="40"/>
            </layout:boundingBox>
          </layout:speciesGlyph>
          <layout:speciesGlyph layout:id="Glyph__P0" layout:species="P0">
            <layout:boundingBox>
              <layout:position layout:x="290" layout:y="130"/>
              <layout:dimensions layout:height="30" layout:width="100"/>
            </layout:boundingBox>
          </layout:speciesGlyph>
        </layout:listOfSpeciesGlyphs>
        <layout:listOfReactionGlyphs>
          <layout:reactionGlyph layout:id="Glyph__P0__Production__TetR">
            <layout:boundingBox>
              <layout:position layout:x="474" layout:y="127"/>
              <layout:dimensions layout:height="0" layout:width="0"/>
            </layout:boundingBox>
            <layout:listOfSpeciesReferenceGlyphs>
              <layout:speciesReferenceGlyph layout:id="ReferenceGlyph__P0__Production__TetR" layout:role="product" layout:speciesGlyph="Glyph__TetR">
                <layout:curve>
                  <layout:listOfCurveSegments>
                    <layout:curveSegment xsi:type="LineSegment">
                      <layout:start layout:x="340" layout:y="145"/>
                      <layout:end layout:x="474" layout:y="127"/>
                    </layout:curveSegment>
                  </layout:listOfCurveSegments>
                </layout:curve>
              </layout:speciesReferenceGlyph>
            </layout:listOfSpeciesReferenceGlyphs>
          </layout:reactionGlyph>
          <layout:reactionGlyph layout:id="Glyph__P0__Production__GFP">
            <layout:boundingBox>
              <layout:position layout:x="465" layout:y="234"/>
              <layout:dimensions layout:height="0" layout:width="0"/>
            </layout:boundingBox>
            <layout:listOfSpeciesReferenceGlyphs>
              <layout:speciesReferenceGlyph layout:id="ReferenceGlyph__P0__Production__GFP" layout:role="product" layout:speciesGlyph="Glyph__GFP">
                <layout:curve>
                  <layout:listOfCurveSegments>
                    <layout:curveSegment xsi:type="LineSegment">
                      <layout:start layout:x="340" layout:y="145"/>
                      <layout:end layout:x="465" layout:y="234"/>
                    </layout:curveSegment>
                  </layout:listOfCurveSegments>
                </layout:curve>
              </layout:speciesReferenceGlyph>
            </layout:listOfSpeciesReferenceGlyphs>
          </layout:reactionGlyph>
          <layout:reactionGlyph layout:id="Glyph__LacI__repression__P0">
            <layout:boundingBox>
              <layout:position layout:x="340" layout:y="145"/>
              <layout:dimensions layout:height="0" layout:width="0"/>
            </layout:boundingBox>
            <layout:listOfSpeciesReferenceGlyphs>
              <layout:speciesReferenceGlyph layout:id="ReferenceGlyph__LacI__repression__P0" layout:role="product" layout:speciesGlyph="Glyph__P0">
                <layout:curve>
                  <layout:listOfCurveSegments>
                    <layout:curveSegment xsi:type="LineSegment">
                      <layout:start layout:x="122" layout:y="125"/>
                      <layout:end layout:x="340" layout:y="145"/>
                    </layout:curveSegment>
                  </layout:listOfCurveSegments>
                </layout:curve>
              </layout:speciesReferenceGlyph>
            </layout:listOfSpeciesReferenceGlyphs>
          </layout:reactionGlyph>
        </layout:listOfReactionGlyphs>
        <layout:listOfTextGlyphs>
          <layout:textGlyph layout:graphicalObject="Glyph__Cell" layout:id="TextGlyph__Cell" layout:text="Cell">
            <layout:boundingBox>
              <layout:position layout:x="0" layout:y="0"/>
              <layout:dimensions layout:height="425" layout:width="1070"/>
            </layout:boundingBox>
          </layout:textGlyph>
          <layout:textGlyph layout:graphicalObject="Glyph__LacI" layout:id="TextGlyph__LacI" layout:text="LacI">
            <layout:boundingBox>
              <layout:position layout:x="102" layout:y="105"/>
              <layout:dimensions layout:height="30" layout:width="100"/>
            </layout:boundingBox>
          </layout:textGlyph>
          <layout:textGlyph layout:graphicalObject="Glyph__GFP" layout:id="TextGlyph__GFP" layout:text="GFP">
            <layout:boundingBox>
              <layout:position layout:x="445" layout:y="214"/>
              <layout:dimensions layout:height="30" layout:width="100"/>
            </layout:boundingBox>
          </layout:textGlyph>
          <layout:textGlyph layout:graphicalObject="Glyph__TetR" layout:id="TextGlyph__TetR" layout:text="TetR">
            <layout:boundingBox>
              <layout:position layout:x="454" layout:y="107"/>
              <layout:dimensions layout:height="30" layout:width="100"/>
            </layout:boundingBox>
          </layout:textGlyph>
          <layout:textGlyph layout:graphicalObject="Glyph__P0" layout:id="TextGlyph__P0" layout:text="P0">
            <layout:boundingBox>
              <layout:position layout:x="290" layout:y="130"/>
              <layout:dimensions layout:height="30" layout:width="100"/>
            </layout:boundingBox>
          </layout:textGlyph>
        </layout:listOfTextGlyphs>
      </layout:layout>
    </layout:listOfLayouts>
    <listOfFunctionDefinitions/>
    <listOfUnitDefinitions/>
    <listOfCompartments>
      <compartment constant="true" id="Cell" size="1" spatialDimensions="3"/>
    </listOfCompartments>
    <listOfSpecies>
      <species boundaryCondition="false" compartment="Cell" constant="false" hasOnlySubstanceUnits="true" id="LacI" initialAmount="60" metaid="iBioSim1" sboTerm="SBO:0000252"/>
      <species boundaryCondition="false" compartment="Cell" constant="false" hasOnlySubstanceUnits="true" id="GFP" initialAmount="0" metaid="iBioSim3" sboTerm="SBO:0000252"/>
      <species boundaryCondition="false" compartment="Cell" constant="false" hasOnlySubstanceUnits="true" id="TetR" initialAmount="0" metaid="iBioSim4" sboTerm="SBO:0000252"/>
      <species boundaryCondition="false" compartment="Cell" constant="false" hasOnlySubstanceUnits="true" id="P0" initialAmount="2" metaid="iBioSim5" sboTerm="SBO:0000634">
        <annotation>
          <ModelToSBOL xmlns="http://sbolstandard.org/modeltosbol/1.0#">
            <rdf:RDF xmlns:rdf="http://www.w3.org/1999/02/22-rdf-syntax-ns#" xmlns:mts="http://sbolstandard.org/modeltosbol/1.0#">
              <rdf:Description rdf:about="#iBioSim5">
                <mts:ComponentDefinitions>
                  <rdf:Bag>
                    <rdf:li rdf:resource="https://async.ece.utah.edu/tools/ibiosim/LacI_Inverter/1"/></rdf:Bag></mts:ComponentDefinitions><mts:DNAComponents>
                  <rdf:Seq>
                    <rdf:li rdf:resource="https://async.ece.utah.edu/tools/ibiosim/LacI_Inverter/1"/></rdf:Seq></mts:DNAComponents><mts:Strand>+</mts:Strand></rdf:Description></rdf:RDF></ModelToSBOL>
        </annotation>
            </species>
    </listOfSpecies>
    <listOfParameters>
      <parameter constant="true" id="kr_f" metaid="iBioSim2" name="Forward repression binding rate" value="0.5"/>
      <parameter constant="true" id="kr_r" metaid="iBioSim8" name="Reverse repression binding rate" value="1"/>
      <parameter constant="true" id="ka_f" metaid="iBioSim9" name="Forward activation binding rate" value="0.0033"/>
      <parameter constant="true" id="ka_r" metaid="iBioSim10" name="Reverse activation binding rate" value="1"/>
      <parameter constant="true" id="ko_f" metaid="iBioSim11" name="Forward RNAP binding rate" value="0.033"/>
      <parameter constant="true" id="ko_r" metaid="iBioSim12" name="Reverse RNAP binding rate" value="1"/>
      <parameter constant="true" id="kao_f" metaid="iBioSim13" name="Forward activated RNAP binding rate" value="1"/>
      <parameter constant="true" id="kao_r" metaid="iBioSim14" name="Reverse activated RNAP binding rate" value="1"/>
      <parameter constant="true" id="nc" metaid="iBioSim15" name="Stoichiometry of binding" value="2"/>
      <parameter constant="true" id="nr" metaid="iBioSim16" name="Initial RNAP count" value="30"/>
      <parameter constant="true" id="ko" metaid="iBioSim17" name="Open complex production rate" value="0.05"/>
      <parameter constant="true" id="kb" metaid="iBioSim18" name="Basal production rate" value="0.0001"/>
      <parameter constant="true" id="ng" metaid="iBioSim19" name="Initial promoter count" value="2"/>
      <parameter constant="true" id="np" metaid="iBioSim20" name="Stoichiometry of production" value="10"/>
      <parameter constant="true" id="ka" metaid="iBioSim21" name="Activated production rate" value="0.25"/>
      <parameter constant="true" id="kd" name="Degradation rate" value="0.0075"/>
    </listOfParameters>
    <listOfInitialAssignments/>
    <listOfConstraints/>
    <listOfReactions>
      <reaction compartment="Cell" id="Production_P0" metaid="iBioSim7" reversible="false" sboTerm="SBO:0000589">
        <listOfProducts>
          <speciesReference constant="true" species="TetR" stoichiometry="10"/>
          <speciesReference constant="true" species="GFP" stoichiometry="10"/>
        </listOfProducts>
        <listOfModifiers>
          <modifierSpeciesReference sboTerm="SBO:0000598" species="P0"/>
          <modifierSpeciesReference sboTerm="SBO:0000020" species="LacI"/>
        </listOfModifiers>
        <kineticLaw>
          <math xmlns="http://www.w3.org/1998/Math/MathML">          
            <apply>
              <divide/>
              <apply>
                <times/>
                <apply>
                  <times/>
                  <apply>
                    <times/>
                    <ci> P0 </ci>
                    <ci> ko </ci>
                  </apply>
                  <apply>
                    <divide/>
                    <ci> ko_f </ci>
                    <ci> ko_r </ci>
                  </apply>
                </apply>
                <ci> nr </ci>
              </apply>
              <apply>
                <plus/>
                <apply>
                  <plus/>
                  <cn type="integer"> 1 </cn>
                  <apply>
                    <times/>
                    <apply>
                      <divide/>
                      <ci> ko_f </ci>
                      <ci> ko_r </ci>
                    </apply>
                    <ci> nr </ci>
                  </apply>
                </apply>
                <apply>
                  <power/>
                  <apply>
                    <times/>
                    <apply>
                      <divide/>
                      <ci> kr_f </ci>
                      <ci> kr_r </ci>
                    </apply>
                    <ci> LacI </ci>
                  </apply>
                  <ci> nc </ci>
                </apply>
              </apply>
            </apply>
          </math>
                  <listOfLocalParameters/>
        </kineticLaw>
      </reaction>
      <reaction compartment="Cell" id="Degradation_LacI" reversible="false" sboTerm="SBO:0000179">
        <listOfReactants>
          <speciesReference constant="true" species="LacI" stoichiometry="1"/>
        </listOfReactants>
        <kineticLaw>
          <math xmlns="http://www.w3.org/1998/Math/MathML">          
            <apply>
              <times/>
              <ci> kd </ci>
              <ci> LacI </ci>
            </apply>
          </math>
                </kineticLaw>
      </reaction>
      <reaction compartment="Cell" id="Degradation_GFP" reversible="false" sboTerm="SBO:0000179">
        <listOfReactants>
          <speciesReference constant="true" species="GFP" stoichiometry="1"/>
        </listOfReactants>
        <kineticLaw>
          <math xmlns="http://www.w3.org/1998/Math/MathML">          
            <apply>
              <times/>
              <ci> kd </ci>
              <ci> GFP </ci>
            </apply>
          </math>
                </kineticLaw>
      </reaction>
      <reaction compartment="Cell" id="Degradation_TetR" reversible="false" sboTerm="SBO:0000179">
        <listOfReactants>
          <speciesReference constant="true" species="TetR" stoichiometry="1"/>
        </listOfReactants>
        <kineticLaw>
          <math xmlns="http://www.w3.org/1998/Math/MathML">          
            <apply>
              <times/>
              <ci> kd </ci>
              <ci> TetR </ci>
            </apply>
          </math>
                </kineticLaw>
      </reaction>
    </listOfReactions>
    <listOfEvents/>
  </model>
</sbml>