<?xml version="1.0" encoding="UTF-8"?>
<omexManifest xmlns="http://identifiers.org/combine.specifications/omex-manifest">
  <content location="." format="http://identifiers.org/combine.specifications/omex" />
  <content location="./manifest.xml" format="http://identifiers.org/combine.specifications/omex-manifest" />
  <content location="./ToggleSwitch__graph.png" format="http://identifiers.org/edam/format_3603" />
  <content location="./TetR_Inverter.xml" format="http://identifiers.org/combine.specifications/sbml.level-3.version-2.core" />
  <content location="./LacI_Inverter.xml" format="http://identifiers.org/combine.specifications/sbml.level-3.version-2.core" />
  <content location="./ECEN5003_ToggleSwitch_LukasBuecherl.sbol" format="http://identifiers.org/combine.specifications/sbol.version-2" />
  <content location="./ECEN5003_ToggleSwitch_LukasBuecherl.sedml" format="http://identifiers.org/combine.specifications/sed-ml.level-1.version-2" master="true" />
  <content location="./ToggleSwitch.xml" format="http://identifiers.org/combine.specifications/sbml.level-3.version-2.core" />
  <content location="./metadata.rdf" format="http://identifiers.org/combine.specifications/omex-metadata" />
</omexManifest>
