<?xml version='1.0' encoding='UTF-8' standalone='no'?>
<sbml xmlns="http://www.sbml.org/sbml/level3/version2/core" comp:required="true" layout:required="false" level="3" version="2" xmlns:comp="http://www.sbml.org/sbml/level3/version1/comp/version1" xmlns:layout="http://www.sbml.org/sbml/level3/version1/layout/version1">
  <comp:listOfExternalModelDefinitions xmlns:comp="http://www.sbml.org/sbml/level3/version1/comp/version1">
    <comp:externalModelDefinition comp:id="LacI_Inverter" comp:md5="89c777d23b46ccfe46979d90d21e2c74" comp:source="LacI_Inverter.xml"/>
    <comp:externalModelDefinition comp:id="TetR_Inverter" comp:md5="26748d56d297827037a4527a31f7ef1b" comp:source="TetR_Inverter.xml"/>
  </comp:listOfExternalModelDefinitions>
  <model id="ToggleSwitch" metaid="iBioSim15">
    <comp:listOfSubmodels xmlns:comp="http://www.sbml.org/sbml/level3/version1/comp/version1">
      <comp:submodel comp:id="C1" comp:modelRef="LacI_Inverter" metaid="iBioSim26">
        <comp:listOfDeletions>
          <comp:deletion comp:id="delete_Degradation_LacI" comp:portRef="Degradation_LacI"/>
        </comp:listOfDeletions>
      </comp:submodel>
      <comp:submodel comp:id="C2" comp:modelRef="TetR_Inverter" metaid="iBioSim27">
        <comp:listOfDeletions>
          <comp:deletion comp:id="delete_Degradation_TetR" comp:portRef="Degradation_TetR"/>
        </comp:listOfDeletions>
      </comp:submodel>
    </comp:listOfSubmodels>
    <comp:listOfPorts xmlns:comp="http://www.sbml.org/sbml/level3/version1/comp/version1">
      <comp:port comp:id="compartment__Cell" comp:idRef="Cell" sboTerm="SBO:0000601"/>
      <comp:port comp:id="output__TetR" comp:idRef="TetR" sboTerm="SBO:0000601"/>
      <comp:port comp:id="output__GFP" comp:idRef="GFP" sboTerm="SBO:0000601"/>
      <comp:port comp:id="output__LacI" comp:idRef="LacI" sboTerm="SBO:0000601"/>
      <comp:port comp:id="Degradation_LacI" comp:idRef="Degradation_LacI" sboTerm="SBO:0000601"/>
      <comp:port comp:id="Degradation_GFP" comp:idRef="Degradation_GFP" sboTerm="SBO:0000601"/>
      <comp:port comp:id="Degradation_TetR" comp:idRef="Degradation_TetR" sboTerm="SBO:0000601"/>
    </comp:listOfPorts>
    <layout:listOfLayouts xmlns:layout="http://www.sbml.org/sbml/level3/version1/layout/version1" xmlns:xsi="http://www.w3.org/2001/XMLSchema-instance">
      <layout:layout layout:id="iBioSim">
        <layout:dimensions layout:depth="0" layout:height="425" layout:width="1070"/>
        <layout:listOfAdditionalGraphicalObjects>
          <layout:generalGlyph layout:id="Glyph__C1" layout:reference="C1">
            <layout:boundingBox>
              <layout:position layout:x="760" layout:y="230"/>
              <layout:dimensions layout:height="40" layout:width="80"/>
            </layout:boundingBox>
          </layout:generalGlyph>
          <layout:generalGlyph layout:id="Glyph__C2" layout:reference="C2">
            <layout:boundingBox>
              <layout:position layout:x="580" layout:y="230"/>
              <layout:dimensions layout:height="40" layout:width="80"/>
            </layout:boundingBox>
          </layout:generalGlyph>
          <layout:generalGlyph layout:id="Glyph__aTc_high" layout:reference="aTc_high">
            <layout:boundingBox>
              <layout:position layout:x="30.5" layout:y="100.5"/>
              <layout:dimensions layout:height="25" layout:width="75"/>
            </layout:boundingBox>
            <layout:listOfReferenceGlyphs>
              <layout:referenceGlyph layout:glyph="Glyph__aTc" layout:id="Glyph__aTc_high__product__aTc" layout:role="product">
                <layout:curve>
                  <layout:listOfCurveSegments>
                    <layout:curveSegment xsi:type="LineSegment">
                      <layout:start layout:x="68" layout:y="113"/>
                      <layout:end layout:x="150" layout:y="150"/>
                    </layout:curveSegment>
                  </layout:listOfCurveSegments>
                </layout:curve>
              </layout:referenceGlyph>
            </layout:listOfReferenceGlyphs>
          </layout:generalGlyph>
          <layout:generalGlyph layout:id="Glyph__aTc_low" layout:reference="aTc_low">
            <layout:boundingBox>
              <layout:position layout:x="30.5" layout:y="180.5"/>
              <layout:dimensions layout:height="25" layout:width="75"/>
            </layout:boundingBox>
            <layout:listOfReferenceGlyphs>
              <layout:referenceGlyph layout:glyph="Glyph__aTc" layout:id="Glyph__aTc_low__product__aTc" layout:role="product">
                <layout:curve>
                  <layout:listOfCurveSegments>
                    <layout:curveSegment xsi:type="LineSegment">
                      <layout:start layout:x="68" layout:y="193"/>
                      <layout:end layout:x="150" layout:y="150"/>
                    </layout:curveSegment>
                  </layout:listOfCurveSegments>
                </layout:curve>
              </layout:referenceGlyph>
            </layout:listOfReferenceGlyphs>
          </layout:generalGlyph>
          <layout:generalGlyph layout:id="Glyph__IPTG_high" layout:reference="IPTG_high">
            <layout:boundingBox>
              <layout:position layout:x="30.5" layout:y="300.5"/>
              <layout:dimensions layout:height="25" layout:width="75"/>
            </layout:boundingBox>
            <layout:listOfReferenceGlyphs>
              <layout:referenceGlyph layout:glyph="Glyph__IPTG" layout:id="Glyph__IPTG_high__product__IPTG" layout:role="product">
                <layout:curve>
                  <layout:listOfCurveSegments>
                    <layout:curveSegment xsi:type="LineSegment">
                      <layout:start layout:x="68" layout:y="313"/>
                      <layout:end layout:x="160" layout:y="340"/>
                    </layout:curveSegment>
                  </layout:listOfCurveSegments>
                </layout:curve>
              </layout:referenceGlyph>
            </layout:listOfReferenceGlyphs>
          </layout:generalGlyph>
          <layout:generalGlyph layout:id="Glyph__IPTG_low" layout:reference="IPTG_low">
            <layout:boundingBox>
              <layout:position layout:x="30.5" layout:y="370.5"/>
              <layout:dimensions layout:height="25" layout:width="75"/>
            </layout:boundingBox>
            <layout:listOfReferenceGlyphs>
              <layout:referenceGlyph layout:glyph="Glyph__IPTG" layout:id="Glyph__IPTG_low__product__IPTG" layout:role="product">
                <layout:curve>
                  <layout:listOfCurveSegments>
                    <layout:curveSegment xsi:type="LineSegment">
                      <layout:start layout:x="68" layout:y="383"/>
                      <layout:end layout:x="160" layout:y="340"/>
                    </layout:curveSegment>
                  </layout:listOfCurveSegments>
                </layout:curve>
              </layout:referenceGlyph>
            </layout:listOfReferenceGlyphs>
          </layout:generalGlyph>
        </layout:listOfAdditionalGraphicalObjects>
        <layout:listOfCompartmentGlyphs>
          <layout:compartmentGlyph layout:compartment="Cell" layout:id="Glyph__Cell">
            <layout:boundingBox>
              <layout:position layout:x="0" layout:y="0"/>
              <layout:dimensions layout:height="425" layout:width="1070"/>
            </layout:boundingBox>
          </layout:compartmentGlyph>
        </layout:listOfCompartmentGlyphs>
        <layout:listOfSpeciesGlyphs>
          <layout:speciesGlyph layout:id="Glyph__aTc" layout:species="aTc">
            <layout:boundingBox>
              <layout:position layout:x="140" layout:y="140"/>
              <layout:dimensions layout:height="20" layout:width="20"/>
            </layout:boundingBox>
          </layout:speciesGlyph>
          <layout:speciesGlyph layout:id="Glyph__TetR_aTc" layout:species="TetR_aTc">
            <layout:boundingBox>
              <layout:position layout:x="340" layout:y="140"/>
              <layout:dimensions layout:height="30" layout:width="100"/>
            </layout:boundingBox>
          </layout:speciesGlyph>
          <layout:speciesGlyph layout:id="Glyph__TetR" layout:species="TetR">
            <layout:boundingBox>
              <layout:position layout:x="570" layout:y="140"/>
              <layout:dimensions layout:height="40" layout:width="40"/>
            </layout:boundingBox>
          </layout:speciesGlyph>
          <layout:speciesGlyph layout:id="Glyph__IPTG" layout:species="IPTG">
            <layout:boundingBox>
              <layout:position layout:x="150" layout:y="330"/>
              <layout:dimensions layout:height="20" layout:width="20"/>
            </layout:boundingBox>
          </layout:speciesGlyph>
          <layout:speciesGlyph layout:id="Glyph__LacI_IPTG" layout:species="LacI_IPTG">
            <layout:boundingBox>
              <layout:position layout:x="340" layout:y="330"/>
              <layout:dimensions layout:height="30" layout:width="100"/>
            </layout:boundingBox>
          </layout:speciesGlyph>
          <layout:speciesGlyph layout:id="Glyph__LacI" layout:species="LacI">
            <layout:boundingBox>
              <layout:position layout:x="570" layout:y="330"/>
              <layout:dimensions layout:height="40" layout:width="40"/>
            </layout:boundingBox>
          </layout:speciesGlyph>
          <layout:speciesGlyph layout:id="Glyph__GFP" layout:species="GFP">
            <layout:boundingBox>
              <layout:position layout:x="940" layout:y="230"/>
              <layout:dimensions layout:height="40" layout:width="40"/>
            </layout:boundingBox>
          </layout:speciesGlyph>
        </layout:listOfSpeciesGlyphs>
        <layout:listOfReactionGlyphs>
          <layout:reactionGlyph layout:id="Glyph__aTc__complex__TetR_aTc">
            <layout:boundingBox>
              <layout:position layout:x="390" layout:y="155"/>
              <layout:dimensions layout:height="0" layout:width="0"/>
            </layout:boundingBox>
            <layout:listOfSpeciesReferenceGlyphs>
              <layout:speciesReferenceGlyph layout:id="ReferenceGlyph__aTc__complex__TetR_aTc" layout:role="product" layout:speciesGlyph="Glyph__TetR_aTc">
                <layout:curve>
                  <layout:listOfCurveSegments>
                    <layout:curveSegment xsi:type="LineSegment">
                      <layout:start layout:x="150" layout:y="150"/>
                      <layout:end layout:x="390" layout:y="155"/>
                    </layout:curveSegment>
                  </layout:listOfCurveSegments>
                </layout:curve>
              </layout:speciesReferenceGlyph>
            </layout:listOfSpeciesReferenceGlyphs>
          </layout:reactionGlyph>
          <layout:reactionGlyph layout:id="Glyph__TetR__complex__TetR_aTc">
            <layout:boundingBox>
              <layout:position layout:x="390" layout:y="155"/>
              <layout:dimensions layout:height="0" layout:width="0"/>
            </layout:boundingBox>
            <layout:listOfSpeciesReferenceGlyphs>
              <layout:speciesReferenceGlyph layout:id="ReferenceGlyph__TetR__complex__TetR_aTc" layout:role="product" layout:speciesGlyph="Glyph__TetR_aTc">
                <layout:curve>
                  <layout:listOfCurveSegments>
                    <layout:curveSegment xsi:type="LineSegment">
                      <layout:start layout:x="590" layout:y="160"/>
                      <layout:end layout:x="390" layout:y="155"/>
                    </layout:curveSegment>
                  </layout:listOfCurveSegments>
                </layout:curve>
              </layout:speciesReferenceGlyph>
            </layout:listOfSpeciesReferenceGlyphs>
          </layout:reactionGlyph>
          <layout:reactionGlyph layout:id="Glyph__IPTG__complex__LacI_IPTG">
            <layout:boundingBox>
              <layout:position layout:x="390" layout:y="345"/>
              <layout:dimensions layout:height="0" layout:width="0"/>
            </layout:boundingBox>
            <layout:listOfSpeciesReferenceGlyphs>
              <layout:speciesReferenceGlyph layout:id="ReferenceGlyph__IPTG__complex__LacI_IPTG" layout:role="product" layout:speciesGlyph="Glyph__LacI_IPTG">
                <layout:curve>
                  <layout:listOfCurveSegments>
                    <layout:curveSegment xsi:type="LineSegment">
                      <layout:start layout:x="160" layout:y="340"/>
                      <layout:end layout:x="390" layout:y="345"/>
                    </layout:curveSegment>
                  </layout:listOfCurveSegments>
                </layout:curve>
              </layout:speciesReferenceGlyph>
            </layout:listOfSpeciesReferenceGlyphs>
          </layout:reactionGlyph>
          <layout:reactionGlyph layout:id="Glyph__LacI__complex__LacI_IPTG">
            <layout:boundingBox>
              <layout:position layout:x="390" layout:y="345"/>
              <layout:dimensions layout:height="0" layout:width="0"/>
            </layout:boundingBox>
            <layout:listOfSpeciesReferenceGlyphs>
              <layout:speciesReferenceGlyph layout:id="ReferenceGlyph__LacI__complex__LacI_IPTG" layout:role="product" layout:speciesGlyph="Glyph__LacI_IPTG">
                <layout:curve>
                  <layout:listOfCurveSegments>
                    <layout:curveSegment xsi:type="LineSegment">
                      <layout:start layout:x="590" layout:y="350"/>
                      <layout:end layout:x="390" layout:y="345"/>
                    </layout:curveSegment>
                  </layout:listOfCurveSegments>
                </layout:curve>
              </layout:speciesReferenceGlyph>
            </layout:listOfSpeciesReferenceGlyphs>
          </layout:reactionGlyph>
        </layout:listOfReactionGlyphs>
        <layout:listOfTextGlyphs>
          <layout:textGlyph layout:graphicalObject="Glyph__Cell" layout:id="TextGlyph__Cell" layout:text="Cell">
            <layout:boundingBox>
              <layout:position layout:x="0" layout:y="0"/>
              <layout:dimensions layout:height="425" layout:width="1070"/>
            </layout:boundingBox>
          </layout:textGlyph>
          <layout:textGlyph layout:graphicalObject="Glyph__C1" layout:id="TextGlyph__C1" layout:text="C1">
            <layout:boundingBox>
              <layout:position layout:x="760" layout:y="230"/>
              <layout:dimensions layout:height="40" layout:width="80"/>
            </layout:boundingBox>
          </layout:textGlyph>
          <layout:textGlyph layout:graphicalObject="Glyph__C2" layout:id="TextGlyph__C2" layout:text="C2">
            <layout:boundingBox>
              <layout:position layout:x="580" layout:y="230"/>
              <layout:dimensions layout:height="40" layout:width="80"/>
            </layout:boundingBox>
          </layout:textGlyph>
          <layout:textGlyph layout:graphicalObject="Glyph__aTc" layout:id="TextGlyph__aTc" layout:text="aTc">
            <layout:boundingBox>
              <layout:position layout:x="140" layout:y="140"/>
              <layout:dimensions layout:height="30" layout:width="100"/>
            </layout:boundingBox>
          </layout:textGlyph>
          <layout:textGlyph layout:graphicalObject="Glyph__TetR_aTc" layout:id="TextGlyph__TetR_aTc" layout:text="TetR_aTc">
            <layout:boundingBox>
              <layout:position layout:x="340" layout:y="140"/>
              <layout:dimensions layout:height="30" layout:width="100"/>
            </layout:boundingBox>
          </layout:textGlyph>
          <layout:textGlyph layout:graphicalObject="Glyph__TetR" layout:id="TextGlyph__TetR" layout:text="TetR">
            <layout:boundingBox>
              <layout:position layout:x="570" layout:y="140"/>
              <layout:dimensions layout:height="30" layout:width="100"/>
            </layout:boundingBox>
          </layout:textGlyph>
          <layout:textGlyph layout:graphicalObject="Glyph__IPTG" layout:id="TextGlyph__IPTG" layout:text="IPTG">
            <layout:boundingBox>
              <layout:position layout:x="150" layout:y="330"/>
              <layout:dimensions layout:height="30" layout:width="100"/>
            </layout:boundingBox>
          </layout:textGlyph>
          <layout:textGlyph layout:graphicalObject="Glyph__LacI_IPTG" layout:id="TextGlyph__LacI_IPTG" layout:text="LacI_IPTG">
            <layout:boundingBox>
              <layout:position layout:x="340" layout:y="330"/>
              <layout:dimensions layout:height="30" layout:width="100"/>
            </layout:boundingBox>
          </layout:textGlyph>
          <layout:textGlyph layout:graphicalObject="Glyph__LacI" layout:id="TextGlyph__LacI" layout:text="LacI">
            <layout:boundingBox>
              <layout:position layout:x="570" layout:y="330"/>
              <layout:dimensions layout:height="30" layout:width="100"/>
            </layout:boundingBox>
          </layout:textGlyph>
          <layout:textGlyph layout:graphicalObject="Glyph__GFP" layout:id="TextGlyph__GFP" layout:text="GFP">
            <layout:boundingBox>
              <layout:position layout:x="940" layout:y="230"/>
              <layout:dimensions layout:height="30" layout:width="100"/>
            </layout:boundingBox>
          </layout:textGlyph>
          <layout:textGlyph layout:graphicalObject="Glyph__aTc_high" layout:id="TextGlyph__aTc_high" layout:text="aTc_high">
            <layout:boundingBox>
              <layout:position layout:x="30.5" layout:y="100.5"/>
              <layout:dimensions layout:height="25" layout:width="75"/>
            </layout:boundingBox>
          </layout:textGlyph>
          <layout:textGlyph layout:graphicalObject="Glyph__aTc_low" layout:id="TextGlyph__aTc_low" layout:text="aTc_low">
            <layout:boundingBox>
              <layout:position layout:x="30.5" layout:y="180.5"/>
              <layout:dimensions layout:height="25" layout:width="75"/>
            </layout:boundingBox>
          </layout:textGlyph>
          <layout:textGlyph layout:graphicalObject="Glyph__IPTG_high" layout:id="TextGlyph__IPTG_high" layout:text="IPTG_high">
            <layout:boundingBox>
              <layout:position layout:x="30.5" layout:y="300.5"/>
              <layout:dimensions layout:height="25" layout:width="75"/>
            </layout:boundingBox>
          </layout:textGlyph>
          <layout:textGlyph layout:graphicalObject="Glyph__IPTG_low" layout:id="TextGlyph__IPTG_low" layout:text="IPTG_low">
            <layout:boundingBox>
              <layout:position layout:x="30.5" layout:y="370.5"/>
              <layout:dimensions layout:height="25" layout:width="75"/>
            </layout:boundingBox>
          </layout:textGlyph>
        </layout:listOfTextGlyphs>
      </layout:layout>
    </layout:listOfLayouts>
    <listOfFunctionDefinitions/>
    <listOfUnitDefinitions/>
    <listOfCompartments>
      <compartment constant="true" id="Cell" size="1" spatialDimensions="3">
        <comp:listOfReplacedElements xmlns:comp="http://www.sbml.org/sbml/level3/version1/comp/version1">
          <comp:replacedElement comp:portRef="compartment__Cell" comp:submodelRef="C1"/>
          <comp:replacedElement comp:portRef="compartment__Cell" comp:submodelRef="C2"/>
        </comp:listOfReplacedElements>
      </compartment>
    </listOfCompartments>
    <listOfSpecies>
      <species boundaryCondition="true" compartment="Cell" constant="false" hasOnlySubstanceUnits="true" id="aTc" initialAmount="0" metaid="iBioSim4" sboTerm="SBO:0000247"/>
      <species boundaryCondition="false" compartment="Cell" constant="false" hasOnlySubstanceUnits="true" id="TetR_aTc" initialAmount="0" metaid="iBioSim5" sboTerm="SBO:0000253"/>
      <species boundaryCondition="false" compartment="Cell" constant="false" hasOnlySubstanceUnits="true" id="TetR" initialAmount="0" metaid="iBioSim6" sboTerm="SBO:0000252">
        <comp:listOfReplacedElements xmlns:comp="http://www.sbml.org/sbml/level3/version1/comp/version1">
          <comp:replacedElement comp:portRef="input__TetR" comp:submodelRef="C2"/>
        </comp:listOfReplacedElements>
        <comp:replacedBy xmlns:comp="http://www.sbml.org/sbml/level3/version1/comp/version1" comp:portRef="output__TetR" comp:submodelRef="C1"/>
      </species>
      <species boundaryCondition="true" compartment="Cell" constant="false" hasOnlySubstanceUnits="true" id="IPTG" initialAmount="0" metaid="iBioSim7" sboTerm="SBO:0000247"/>
      <species boundaryCondition="false" compartment="Cell" constant="false" hasOnlySubstanceUnits="true" id="LacI_IPTG" initialAmount="0" metaid="iBioSim8" sboTerm="SBO:0000253"/>
      <species boundaryCondition="false" compartment="Cell" constant="false" hasOnlySubstanceUnits="true" id="LacI" initialAmount="60" metaid="iBioSim9" sboTerm="SBO:0000252">
        <comp:listOfReplacedElements xmlns:comp="http://www.sbml.org/sbml/level3/version1/comp/version1">
          <comp:replacedElement comp:portRef="input__LacI" comp:submodelRef="C1"/>
        </comp:listOfReplacedElements>
        <comp:replacedBy xmlns:comp="http://www.sbml.org/sbml/level3/version1/comp/version1" comp:portRef="output__LacI" comp:submodelRef="C2"/>
      </species>
      <species boundaryCondition="false" compartment="Cell" constant="false" hasOnlySubstanceUnits="true" id="GFP" initialAmount="0" metaid="iBioSim10" sboTerm="SBO:0000252">
        <comp:replacedBy xmlns:comp="http://www.sbml.org/sbml/level3/version1/comp/version1" comp:portRef="output__GFP" comp:submodelRef="C1"/>
      </species>
    </listOfSpecies>
    <listOfParameters>
      <parameter constant="true" id="kc_f" metaid="iBioSim2" name="Forward complex formation rate" value="0.05"/>
      <parameter constant="true" id="kc_r" metaid="iBioSim16" name="Reverse complex formation rate" value="1"/>
      <parameter constant="true" id="nc" metaid="iBioSim17" name="Stoichiometry of binding" value="2"/>
      <parameter constant="true" id="kd" metaid="iBioSim18" name="Degradation rate" value="0.0075"/>
    </listOfParameters>
    <listOfInitialAssignments/>
    <listOfRules/>
    <listOfConstraints/>
    <listOfReactions>
      <reaction compartment="Cell" id="Complex_TetR_aTc" metaid="iBioSim19" reversible="true" sboTerm="SBO:0000177">
        <listOfReactants>
          <speciesReference constant="true" species="aTc" stoichiometry="1"/>
          <speciesReference constant="true" species="TetR" stoichiometry="1"/>
        </listOfReactants>
        <listOfProducts>
          <speciesReference constant="true" species="TetR_aTc" stoichiometry="1"/>
        </listOfProducts>
        <kineticLaw>
          <math xmlns="http://www.w3.org/1998/Math/MathML">          
            <apply>
              <minus/>
              <apply>
                <times/>
                <apply>
                  <times/>
                  <ci> kc_f </ci>
                  <apply>
                    <power/>
                    <ci> aTc </ci>
                    <ci> nc_aTc </ci>
                  </apply>
                </apply>
                <apply>
                  <power/>
                  <ci> TetR </ci>
                  <ci> nc_TetR </ci>
                </apply>
              </apply>
              <apply>
                <times/>
                <ci> kc_r </ci>
                <ci> TetR_aTc </ci>
              </apply>
            </apply>
          </math>
                  <listOfLocalParameters>
            <localParameter id="nc_aTc" value="1"/>
            <localParameter id="nc_TetR" value="1"/>
          </listOfLocalParameters>
        </kineticLaw>
      </reaction>
      <reaction compartment="Cell" id="Complex_LacI_IPTG" metaid="iBioSim20" reversible="true" sboTerm="SBO:0000177">
        <listOfReactants>
          <speciesReference constant="true" species="IPTG" stoichiometry="1"/>
          <speciesReference constant="true" species="LacI" stoichiometry="1"/>
        </listOfReactants>
        <listOfProducts>
          <speciesReference constant="true" species="LacI_IPTG" stoichiometry="1"/>
        </listOfProducts>
        <kineticLaw>
          <math xmlns="http://www.w3.org/1998/Math/MathML">          
            <apply>
              <minus/>
              <apply>
                <times/>
                <apply>
                  <times/>
                  <ci> kc_f </ci>
                  <apply>
                    <power/>
                    <ci> IPTG </ci>
                    <ci> nc_IPTG </ci>
                  </apply>
                </apply>
                <apply>
                  <power/>
                  <ci> LacI </ci>
                  <ci> nc_LacI </ci>
                </apply>
              </apply>
              <apply>
                <times/>
                <ci> kc_r </ci>
                <ci> LacI_IPTG </ci>
              </apply>
            </apply>
          </math>
                  <listOfLocalParameters>
            <localParameter id="nc_IPTG" value="1"/>
            <localParameter id="nc_LacI" value="1"/>
          </listOfLocalParameters>
        </kineticLaw>
      </reaction>
      <reaction compartment="Cell" id="Degradation_LacI" metaid="iBioSim21" reversible="false" sboTerm="SBO:0000179">
        <comp:replacedBy xmlns:comp="http://www.sbml.org/sbml/level3/version1/comp/version1" comp:portRef="Degradation_LacI" comp:submodelRef="C2"/>
        <listOfReactants>
          <speciesReference constant="true" species="LacI" stoichiometry="1"/>
        </listOfReactants>
        <kineticLaw>
          <math xmlns="http://www.w3.org/1998/Math/MathML">          
            <apply>
              <times/>
              <ci> kd </ci>
              <ci> LacI </ci>
            </apply>
          </math>
                </kineticLaw>
      </reaction>
      <reaction compartment="Cell" id="Degradation_GFP" metaid="iBioSim22" reversible="false" sboTerm="SBO:0000179">
        <comp:replacedBy xmlns:comp="http://www.sbml.org/sbml/level3/version1/comp/version1" comp:portRef="Degradation_GFP" comp:submodelRef="C1"/>
        <listOfReactants>
          <speciesReference constant="true" species="GFP" stoichiometry="1"/>
        </listOfReactants>
        <kineticLaw>
          <math xmlns="http://www.w3.org/1998/Math/MathML">          
            <apply>
              <times/>
              <ci> kd </ci>
              <ci> GFP </ci>
            </apply>
          </math>
                </kineticLaw>
      </reaction>
      <reaction compartment="Cell" id="Degradation_TetR" metaid="iBioSim23" reversible="false" sboTerm="SBO:0000179">
        <comp:replacedBy xmlns:comp="http://www.sbml.org/sbml/level3/version1/comp/version1" comp:portRef="Degradation_TetR" comp:submodelRef="C1"/>
        <listOfReactants>
          <speciesReference constant="true" species="TetR" stoichiometry="1"/>
        </listOfReactants>
        <kineticLaw>
          <math xmlns="http://www.w3.org/1998/Math/MathML">          
            <apply>
              <times/>
              <ci> kd </ci>
              <ci> TetR </ci>
            </apply>
          </math>
                </kineticLaw>
      </reaction>
      <reaction compartment="Cell" id="Degradation_LacI_IPTG" metaid="iBioSim24" reversible="false" sboTerm="SBO:0000179">
        <listOfReactants>
          <speciesReference constant="true" species="LacI_IPTG" stoichiometry="1"/>
        </listOfReactants>
        <kineticLaw>
          <math xmlns="http://www.w3.org/1998/Math/MathML">          
            <apply>
              <times/>
              <ci> kd </ci>
              <ci> LacI_IPTG </ci>
            </apply>
          </math>
                </kineticLaw>
      </reaction>
      <reaction compartment="Cell" id="Degradation_TetR_aTc" metaid="iBioSim25" reversible="false" sboTerm="SBO:0000179">
        <listOfReactants>
          <speciesReference constant="true" species="TetR_aTc" stoichiometry="1"/>
        </listOfReactants>
        <kineticLaw>
          <math xmlns="http://www.w3.org/1998/Math/MathML">          
            <apply>
              <times/>
              <ci> kd </ci>
              <ci> TetR_aTc </ci>
            </apply>
          </math>
                </kineticLaw>
      </reaction>
    </listOfReactions>
    <listOfEvents>
      <event id="aTc_high" metaid="iBioSim11" useValuesFromTriggerTime="false">
        <trigger initialValue="false" persistent="false">
          <math xmlns="http://www.w3.org/1998/Math/MathML">          
            <true/>
          </math>
                </trigger>
        <delay>
          <math xmlns="http://www.w3.org/1998/Math/MathML">          
            <cn type="integer"> 5000 </cn>
          </math>
                </delay>
        <listOfEventAssignments>
          <eventAssignment variable="aTc">
            <math xmlns="http://www.w3.org/1998/Math/MathML">            
              <cn type="integer"> 60 </cn>
            </math>
                    </eventAssignment>
        </listOfEventAssignments>
      </event>
      <event id="aTc_low" metaid="iBioSim12" useValuesFromTriggerTime="false">
        <trigger initialValue="false" persistent="false">
          <math xmlns="http://www.w3.org/1998/Math/MathML">          
            <true/>
          </math>
                </trigger>
        <delay>
          <math xmlns="http://www.w3.org/1998/Math/MathML">          
            <cn type="integer"> 6000 </cn>
          </math>
                </delay>
        <listOfEventAssignments>
          <eventAssignment variable="aTc">
            <math xmlns="http://www.w3.org/1998/Math/MathML">            
              <cn type="integer"> 0 </cn>
            </math>
                    </eventAssignment>
        </listOfEventAssignments>
      </event>
      <event id="IPTG_high" metaid="iBioSim13" useValuesFromTriggerTime="false">
        <trigger initialValue="false" persistent="false">
          <math xmlns="http://www.w3.org/1998/Math/MathML">          
            <true/>
          </math>
                </trigger>
        <delay>
          <math xmlns="http://www.w3.org/1998/Math/MathML">          
            <cn type="integer"> 2000 </cn>
          </math>
                </delay>
        <listOfEventAssignments>
          <eventAssignment variable="IPTG">
            <math xmlns="http://www.w3.org/1998/Math/MathML">            
              <cn type="integer"> 60 </cn>
            </math>
                    </eventAssignment>
        </listOfEventAssignments>
      </event>
      <event id="IPTG_low" metaid="iBioSim14" useValuesFromTriggerTime="false">
        <trigger initialValue="false" persistent="false">
          <math xmlns="http://www.w3.org/1998/Math/MathML">          
            <true/>
          </math>
                </trigger>
        <delay>
          <math xmlns="http://www.w3.org/1998/Math/MathML">          
            <cn type="integer"> 4000 </cn>
          </math>
                </delay>
        <listOfEventAssignments>
          <eventAssignment variable="IPTG">
            <math xmlns="http://www.w3.org/1998/Math/MathML">            
              <cn type="integer"> 0 </cn>
            </math>
                    </eventAssignment>
        </listOfEventAssignments>
      </event>
    </listOfEvents>
  </model>
</sbml>